Run,Program Version,Time Started (UTC),Minutes Spent,Position,Points,age,device,gender,education,projectID,startedAt,computerID,assignmentID,yearOfBirth,participantID,educationScore,computerCountry,householdIncome,femaleAs1MaleAs0,householdIncomeScore,householdIncomeEstimate,How satisfied are you with life as a whole these days? (ql4c1ak),How enjoyable is your life as a whole these days? (dzyh760),How enjoyable do you expect tomorrow to be? (vxuitd6),"Imagine I gave you a ""SKIP TOMORROW"" button. When pressed, this button would cause you to be instantly transported 24 hours into the future. You still do all the things you would normally do (so nobody else can tell any difference), and remember the day normally, you just don't experience it. Would you press this button to skip tomorrow? (kp5en44)",What level of expected enjoyment do you think would be your threshold for pressing the button? (29r635n),buttontext,finished,project_id,assignment_id,participant_id,url
7029395,4,2022-02-02 00:43:18,0.38,rl4pf73,0,32,desktop,male,completedBachelorsDegree,7ff6682a,2022/02/01 04:40 PM,940c06078a646e33139f5a31bd47fbdf3f8f0805,f968ab00,1989,83c061d7,5,United States,"$25,000 to $39,999",0,2,32500,7,8,8,Yes,9,Click to finish and give feedback,1,7ff6682a,f968ab00,83c061d7,https://app.positly.com/#/f?task_id=7ff6682a
7029398,4,2022-02-02 00:44:00,0.32,rl4pf73,0,26,desktop,male,completedOnlyHighSchoolOrTheEquivalent,7ff6682a,2022/02/01 04:40 PM,3e1d742cf8b876b32132b8913eacffa48e0e56d5,56d481b9,1995,02396a1e,2,United States,"$25,000 to $39,999",0,2,32500,9,8,8,No,2,Click to finish and give feedback,1,7ff6682a,56d481b9,02396a1e,https://app.positly.com/#/f?task_id=7ff6682a
7029412,4,2022-02-02 00:46:31,0.37,rl4pf73,0,29,desktop,male,completedBachelorsDegree,7ff6682a,2022/02/01 04:40 PM,f8e569475744500a905242dd04a63ee665f9b469,5776f1f1,1993,057ade9f,5,United States,"$60,000 to $84,999",0,4,72500,7,6,6,No,2,Click to finish and give feedback,1,7ff6682a,5776f1f1,057ade9f,https://app.positly.com/#/f?task_id=7ff6682a
7029426,4,2022-02-02 00:49:04,0.52,rl4pf73,0,24,desktop,male,completedAssociateDegreeOnly,7ff6682a,2022/02/01 04:48 PM,5343e96a8cb795276cab6c98efe93b99b92f7785,f9ec5c7d,1998,7d95d628,4,United States,"$25,000 to $39,999",0,2,32500,7,5,9,Yes,7,Click to finish and give feedback,1,7ff6682a,f9ec5c7d,7d95d628,https://app.positly.com/#/f?task_id=7ff6682a
7029427,4,2022-02-02 00:48:30,0.35,rl4pf73,0,39,desktop,female,completedBachelorsDegree,7ff6682a,2022/02/01 04:48 PM,68fc587809cf5282202d5d9f057155afcf8a6466,fedbe909,1982,f5d9e701,5,United States,"$40,000 to $59,999",1,3,50000,7,7,8,No,6,Click to finish and give feedback,1,7ff6682a,fedbe909,f5d9e701,https://app.positly.com/#/f?task_id=7ff6682a
7029431,4,2022-02-02 00:50:05,0.55,rl4pf73,0,33,desktop,female,completedOnlyHighSchoolOrTheEquivalent,7ff6682a,2022/02/01 04:49 PM,20d7d4b334d2bad069d1f7fc0093ff25184f9ca3,107d1e7b,1988,630f7017,2,United States,"$25,000 to $39,999",1,2,32500,6,6,5,No,3,Click to finish and give feedback,1,7ff6682a,107d1e7b,630f7017,https://app.positly.com/#/f?task_id=7ff6682a
7029444,4,2022-02-02 00:53:32,0.47,rl4pf73,0,31,desktop,male,completedAssociateDegreeOnly,7ff6682a,2022/02/01 04:53 PM,71147cb8147667126c05a3b6fd8977d88bbc796a,ea0ef4d9,1990,75755d8e,4,United States,"$25,000 to $39,999",0,2,32500,3,2,0,Yes,7,Click to finish and give feedback,1,7ff6682a,ea0ef4d9,75755d8e,https://app.positly.com/#/f?task_id=7ff6682a
7029458,4,2022-02-02 00:58:30,0.62,rl4pf73,0,48,desktop,female,completedBachelorsDegree,7ff6682a,2022/02/01 04:58 PM,ce76ceba5301716d71690bac1895d0eb146241c3,3e148461,1973,df7bf56c,5,United States,"$40,000 to $59,999",1,3,50000,1,1,1,Yes,1,Click to finish and give feedback,1,7ff6682a,3e148461,df7bf56c,https://app.positly.com/#/f?task_id=7ff6682a
7029477,4,2022-02-02 01:01:48,0.3,rl4pf73,0,27,desktop,female,completedMastersDegree,7ff6682a,2022/02/01 05:01 PM,11958f54784bf0d41c6bbd80a3ab5ef1c10084de,f9efc590,1995,57ed01f1,6,United States,"$25,000 to $39,999",1,2,32500,7,7,10,Yes,10,Click to finish and give feedback,1,7ff6682a,f9efc590,57ed01f1,https://app.positly.com/#/f?task_id=7ff6682a
7029480,4,2022-02-02 01:02:20,0.27,rl4pf73,0,36,desktop,male,completedTradeTechicalVocationalTraing,7ff6682a,2022/02/01 05:01 PM,e5d316de1f621260f92f70d9bc6b91b00081ee84,202578a5,1986,688a1d10,3,United States,"$40,000 to $59,999",0,3,50000,7,7,7,No,7,Click to finish and give feedback,1,7ff6682a,202578a5,688a1d10,https://app.positly.com/#/f?task_id=7ff6682a
7029485,4,2022-02-02 01:04:27,0.48,rl4pf73,0,40,desktop,male,completedAssociateDegreeOnly,7ff6682a,2022/02/01 05:04 PM,15bf47a9e1e993a7518f9e7b9c03ea4f5a57dc7b,fcbda04d,1981,333692ed,4,United States,"$10,000 to $24,999",0,1,17500,1,1,1,No,0,Click to finish and give feedback,1,7ff6682a,fcbda04d,333692ed,https://app.positly.com/#/f?task_id=7ff6682a
7030016,4,2022-02-02 02:35:39,0.48,rl4pf73,0,39,desktop,male,completedBachelorsDegree,7ff6682a,2022/02/01 06:35 PM,5b555148e64f6d659732dfccc450ba2507a17cc4,3181d339,1982,b7af5a63,5,United States,"$40,000 to $59,999",0,3,50000,1,1,0,Yes,2,Click to finish and give feedback,1,7ff6682a,3181d339,b7af5a63,https://app.positly.com/#/f?task_id=7ff6682a
7030017,4,2022-02-02 02:35:45,1.15,rl4pf73,0,57,desktop,female,completedTradeTechicalVocationalTraing,7ff6682a,2022/02/01 06:35 PM,654a0cf91277506f062bed2acd242223dbe75e2d,90c2b378,1964,354b7dcc,3,United States,"$25,000 to $39,999",1,2,32500,7,6,6,No,5,Click to finish and give feedback,1,7ff6682a,90c2b378,354b7dcc,https://app.positly.com/#/f?task_id=7ff6682a
7030023,4,2022-02-02 02:35:54,0.52,rl4pf73,0,38,desktop,male,completedBachelorsDegree,7ff6682a,2022/02/01 06:35 PM,bc1b553a0965a69b09d6bafd42ec14c50ddfc93a,d2d47204,1983,6a754a1a,5,United States,"$10,000 to $24,999",0,1,17500,7,7,8,No,4,Click to finish and give feedback,1,7ff6682a,d2d47204,6a754a1a,https://app.positly.com/#/f?task_id=7ff6682a
7030024,4,2022-02-02 02:35:54,0.68,rl4pf73,0,35,desktop,female,completedAssociateDegreeOnly,7ff6682a,2022/02/01 06:35 PM,b3014312f8c562e745b0708f0b4e7ae3dbe151cc,696450000000,1986,670cdff3,4,United States,"$60,000 to $84,999",1,4,72500,8,8,6,No,2,Click to finish and give feedback,1,7ff6682a,696450000000,670cdff3,https://app.positly.com/#/f?task_id=7ff6682a
7030026,4,2022-02-02 02:35:56,0.57,rl4pf73,0,41,desktop,female,completedOnlyHighSchoolOrTheEquivalent,7ff6682a,2022/02/01 06:35 PM,1a8815405887958b5b88330687935a53a2024a3e,6ecf6400,1981,977cb534,2,United States,"$85,000 to $114,999",1,5,100000,7,6,6,Yes,5,Click to finish and give feedback,1,7ff6682a,6ecf6400,977cb534,https://app.positly.com/#/f?task_id=7ff6682a
7030027,4,2022-02-02 02:35:57,0.22,rl4pf73,0,30,desktop,male,completedBachelorsDegree,7ff6682a,2022/02/01 06:35 PM,cacfcb5a0fcc4a92840443b44b7cc28185859499,e4776a3f,1991,0b7e2e5d,5,United States,"$60,000 to $84,999",0,4,72500,4,3,3,Yes,6,Click to finish and give feedback,1,7ff6682a,e4776a3f,0b7e2e5d,https://app.positly.com/#/f?task_id=7ff6682a
7030029,4,2022-02-02 02:36:09,0.5,rl4pf73,0,42,desktop,female,completedBachelorsDegree,7ff6682a,2022/02/01 06:35 PM,61e7d384c163fd7c43509969abc1ad780e899eb5,0e2e874d,1980,c90a6862,5,United States,"$10,000 to $24,999",1,1,17500,5,6,5,Yes,5,Click to finish and give feedback,1,7ff6682a,0e2e874d,c90a6862,https://app.positly.com/#/f?task_id=7ff6682a
7030030,4,2022-02-02 02:36:11,0.43,rl4pf73,0,31,desktop,female,completedMastersDegree,7ff6682a,2022/02/01 06:35 PM,7b3448158f47f907540b344b7a16560cbb16a2b8,a602b1c8,1991,0f69173d,6,United States,"$115,000 to $149,999",1,6,132500,7,8,9,No,4,Click to finish and give feedback,1,7ff6682a,a602b1c8,0f69173d,https://app.positly.com/#/f?task_id=7ff6682a
7030031,4,2022-02-02 02:36:27,0.65,rl4pf73,0,37,desktop,female,completedBachelorsDegree,7ff6682a,2022/02/01 06:35 PM,e02f4c9cf79f32bcdc961fd0e6343deccd920e5a,5cb620ad,1985,df91546c,5,United States,"$85,000 to $114,999",1,5,100000,8,8,3,Yes,4,Click to finish and give feedback,1,7ff6682a,5cb620ad,df91546c,https://app.positly.com/#/f?task_id=7ff6682a
7030036,4,2022-02-02 02:36:52,0.52,rl4pf73,0,30,desktop,female,completedOnlyHighSchoolOrTheEquivalent,7ff6682a,2022/02/01 06:35 PM,2e4d8ba432cf1b4d719717e77616b00735efc5a9,db080ab0,1992,19b635a9,2,United States,"$60,000 to $84,999",1,4,72500,7,8,8,No,4,Click to finish and give feedback,1,7ff6682a,db080ab0,19b635a9,https://app.positly.com/#/f?task_id=7ff6682a
7030037,4,2022-02-02 02:36:59,0.62,rl4pf73,0,65,desktop,male,completedBachelorsDegree,7ff6682a,2022/02/01 06:36 PM,2f68d734c19609702a4fc84549203674ebb96863,599e00cf,1957,a07667ee,5,United States,"$115,000 to $149,999",0,6,132500,7,7,6,No,0,Click to finish and give feedback,1,7ff6682a,599e00cf,a07667ee,https://app.positly.com/#/f?task_id=7ff6682a
7030039,4,2022-02-02 02:37:00,0.53,rl4pf73,0,38,tablet,male,completedBachelorsDegree,7ff6682a,2022/02/01 06:36 PM,79cdffb054cbc488758eeefafa650bce28b3857d,715cf6f0,1983,099594a0,5,United States,"$115,000 to $149,999",0,6,132500,8,8,5,Yes,5,Click to finish and give feedback,1,7ff6682a,715cf6f0,099594a0,https://app.positly.com/#/f?task_id=7ff6682a
7030040,4,2022-02-02 02:37:03,0.42,rl4pf73,0,37,desktop,female,completedBachelorsDegree,7ff6682a,2022/02/01 06:36 PM,cbac6feb5ac7aa0aadf273037b3a849b145a2dd6,bf4e2b3c,1984,dea8c685,5,United States,"$25,000 to $39,999",1,2,32500,1,5,5,No,5,Click to finish and give feedback,1,7ff6682a,bf4e2b3c,dea8c685,https://app.positly.com/#/f?task_id=7ff6682a
7030043,4,2022-02-02 02:35:07,0.67,rl4pf73,0,48,desktop,female,completedAssociateDegreeOnly,7ff6682a,2022/02/01 06:36 PM,fb653d4368765e840efed6066dccef19da8779b0,8fc98757,1974,31466143,4,United States,"$60,000 to $84,999",1,4,72500,8,8,9,No,0,Click to finish and give feedback,1,7ff6682a,8fc98757,31466143,https://app.positly.com/#/f?task_id=7ff6682a
7030044,4,2022-02-02 02:37:17,1.83,rl4pf73,0,39,desktop,male,completedOnlyHighSchoolOrTheEquivalent,7ff6682a,2022/02/01 06:35 PM,b3fea591216d8a1057d0daa2da5a8484c5f0250e,df96b2f0,1982,4693412b,2,United States,"$25,000 to $39,999",0,2,32500,5,5,6,No,5,Click to finish and give feedback,1,7ff6682a,df96b2f0,4693412b,https://app.positly.com/#/f?task_id=7ff6682a
7030045,4,2022-02-02 02:37:22,0.35,rl4pf73,0,27,desktop,female,completedMastersDegree,7ff6682a,2022/02/01 06:36 PM,ef943873a770aba160e89166c45fa96c936622fa,c072fd3c,1994,3af1be7f,6,United States,"$85,000 to $114,999",1,5,100000,9,9,10,No,1,Click to finish and give feedback,1,7ff6682a,c072fd3c,3af1be7f,https://app.positly.com/#/f?task_id=7ff6682a
7030046,4,2022-02-02 02:37:30,0.7,rl4pf73,0,32,desktop,female,completedBachelorsDegree,7ff6682a,2022/02/01 06:36 PM,da49b89aa332bb49f59b5afa8eadba14e4ad721f,410ef09d,1990,d9220b23,5,United States,"$25,000 to $39,999",1,2,32500,7,7,7,Yes,7,Click to finish and give feedback,1,7ff6682a,410ef09d,d9220b23,https://app.positly.com/#/f?task_id=7ff6682a
7030047,4,2022-02-02 02:37:39,0.38,rl4pf73,0,27,desktop,male,completedBachelorsDegree,7ff6682a,2022/02/01 06:35 PM,379b469b6c9898fa50a75b27e45ca41ad8e5030e,7236efa9,1995,87e226b9,5,United States,"$85,000 to $114,999",0,5,100000,5,6,5,No,5,Click to finish and give feedback,1,7ff6682a,7236efa9,87e226b9,https://app.positly.com/#/f?task_id=7ff6682a
7030050,4,2022-02-02 02:38:07,0.55,rl4pf73,0,51,desktop,male,completedBachelorsDegree,7ff6682a,2022/02/01 06:37 PM,e1e5336756c55d5f3c31aadefc287b09707afaa0,ea223c10,1971,d14bee1e,5,United States,"$60,000 to $84,999",0,4,72500,5,4,6,No,2,Click to finish and give feedback,1,7ff6682a,ea223c10,d14bee1e,https://app.positly.com/#/f?task_id=7ff6682a
7030051,4,2022-02-02 02:38:16,0.97,rl4pf73,0,20,desktop,other,completedOnlyHighSchoolOrTheEquivalent,7ff6682a,2022/02/01 06:37 PM,8b4b3d5e3a32952d27039c2a7b6bfa8f075dba3a,4c4ee95b,2002,72164597,2,United States,"$10,000 to $24,999",2,1,17500,7,6,6,No,0,Click to finish and give feedback,1,7ff6682a,4c4ee95b,72164597,https://app.positly.com/#/f?task_id=7ff6682a
7030056,4,2022-02-02 02:38:39,0.62,rl4pf73,0,24,desktop,female,completedOnlyHighSchoolOrTheEquivalent,7ff6682a,2022/02/01 06:36 PM,3a125b702741e241727ba1ccf4c099b4f20b8452,5330e2b4,1998,496da59d,2,United States,"$40,000 to $59,999",1,3,50000,3,2,1,Yes,9,Click to finish and give feedback,1,7ff6682a,5330e2b4,496da59d,https://app.positly.com/#/f?task_id=7ff6682a
7030058,4,2022-02-02 02:36:21,0.65,rl4pf73,0,36,desktop,male,completedDoctorateDegree,7ff6682a,2022/02/01 06:37 PM,47138b7aac3666b8d066f4a88afb32f2fb3c76a4,8a9775f3,1986,70ea025d,8,United States,"$115,000 to $149,999",0,6,132500,10,10,9,No,2,Click to finish and give feedback,1,7ff6682a,8a9775f3,70ea025d,https://app.positly.com/#/f?task_id=7ff6682a
7030060,4,2022-02-02 02:39:07,0.53,rl4pf73,0,53,desktop,male,completedBachelorsDegree,7ff6682a,2022/02/01 06:38 PM,1eaaacbe44b9b3f360e6f9df1da85afc04e83938,b68a9c18,1968,08f9613a,5,United States,"$150,000 to $199,999",0,7,175000,9,8,8,No,9,Click to finish and give feedback,1,7ff6682a,b68a9c18,08f9613a,https://app.positly.com/#/f?task_id=7ff6682a
7030062,4,2022-02-02 02:39:10,0.38,rl4pf73,0,38,desktop,male,completedBachelorsDegree,7ff6682a,2022/02/01 06:35 PM,ecfe1221ec73050903cdd5b1833a42c4372c7a80,3de23fd7,1984,1c5d9265,5,United States,"$25,000 to $39,999",0,2,32500,8,7,8,No,6,Click to finish and give feedback,1,7ff6682a,3de23fd7,1c5d9265,https://app.positly.com/#/f?task_id=7ff6682a
7030065,4,2022-02-02 02:39:23,0.42,rl4pf73,0,22,desktop,male,completedBachelorsDegree,7ff6682a,2022/02/01 06:38 PM,c9a01dddb2e30a0f33e0e418bea8039ca807d820,c4523679,2000,12b52a2b,5,United States,"$60,000 to $84,999",0,4,72500,3,2,2,No,0,Click to finish and give feedback,1,7ff6682a,c4523679,12b52a2b,https://app.positly.com/#/f?task_id=7ff6682a
7030067,4,2022-02-02 02:39:33,0.58,rl4pf73,0,38,desktop,male,completedBachelorsDegree,7ff6682a,2022/02/01 06:39 PM,2ce9396366451be2c8af0ed386e8ad275b04478d,29bf283c,1983,1bf24f7d,5,United States,"$25,000 to $39,999",0,2,32500,3,3,4,No,7,Click to finish and give feedback,1,7ff6682a,29bf283c,1bf24f7d,https://app.positly.com/#/f?task_id=7ff6682a
7030068,4,2022-02-02 02:39:30,0.43,rl4pf73,0,27,desktop,male,completedBachelorsDegree,7ff6682a,2022/02/01 06:39 PM,ee24664d3b54a46222b00ca04fbb13c8832995be,16cf1132,1994,b43a38ed,5,United States,"$85,000 to $114,999",0,5,100000,9,9,9,No,2,Click to finish and give feedback,1,7ff6682a,16cf1132,b43a38ed,https://app.positly.com/#/f?task_id=7ff6682a
7030069,4,2022-02-02 02:39:40,0.72,rl4pf73,0,40,desktop,male,completedOnlyHighSchoolOrTheEquivalent,7ff6682a,2022/02/01 06:39 PM,5299ea2c4618d0c268edbcb503976bc936854265,9821432,1981,1dcae2cd,2,United States,"$25,000 to $39,999",0,2,32500,1,1,1,No,0,Click to finish and give feedback,1,7ff6682a,9821432,1dcae2cd,https://app.positly.com/#/f?task_id=7ff6682a
7030073,4,2022-02-02 02:39:47,0.78,rl4pf73,0,60,desktop,male,completedBachelorsDegree,7ff6682a,2022/02/01 06:39 PM,5a22b03e6ccd43caead2053ca4ee35de3c7fd739,f2eac473,1961,0f7b4c8a,5,United States,"$60,000 to $84,999",0,4,72500,9,10,10,No,0,Click to finish and give feedback,1,7ff6682a,f2eac473,0f7b4c8a,https://app.positly.com/#/f?task_id=7ff6682a
7030074,4,2022-02-02 02:39:47,0.62,rl4pf73,0,37,desktop,male,completedBachelorsDegree,7ff6682a,2022/02/01 06:39 PM,8c5bf4dda11b14557397d4855c3722ee91e5d68f,d2d8fc42,1984,7194ea52,5,United States,"$115,000 to $149,999",0,6,132500,9,9,6,No,4,Click to finish and give feedback,1,7ff6682a,d2d8fc42,7194ea52,https://app.positly.com/#/f?task_id=7ff6682a
7030075,4,2022-02-02 02:40:24,0.73,rl4pf73,0,24,desktop,male,completedAssociateDegreeOnly,7ff6682a,2022/02/01 06:39 PM,b2f6dae330da5d7d9f0ce48f5ba7fd793a5b21fa,aced5aae,1998,03957c38,4,United States,"$85,000 to $114,999",0,5,100000,6,4,7,No,3,Click to finish and give feedback,1,7ff6682a,aced5aae,03957c38,https://app.positly.com/#/f?task_id=7ff6682a
7030076,4,2022-02-02 02:40:12,0.45,rl4pf73,0,36,desktop,female,completedBachelorsDegree,7ff6682a,2022/02/01 06:39 PM,23b80d01ccf04e197d26068a9c58c3dfc0cf21d7,73334fbc,1985,08722cbf,5,United States,"$40,000 to $59,999",1,3,50000,3,4,4,Yes,5,Click to finish and give feedback,1,7ff6682a,73334fbc,08722cbf,https://app.positly.com/#/f?task_id=7ff6682a
7030077,4,2022-02-02 02:40:15,0.3,rl4pf73,0,37,desktop,female,completedBachelorsDegree,7ff6682a,2022/02/01 06:39 PM,f287b8a9581db587508c35ffa007e58db365d4ad,202a9968,1984,e84e04c1,5,United States,"$60,000 to $84,999",1,4,72500,4,4,4,No,1,Click to finish and give feedback,1,7ff6682a,202a9968,e84e04c1,https://app.positly.com/#/f?task_id=7ff6682a
7030090,4,2022-02-02 02:42:14,0.8,rl4pf73,0,44,desktop,female,completedBachelorsDegree,7ff6682a,2022/02/01 06:41 PM,a9b4a89c24abd2a7412ee0bc8e3728ac3effc33e,5c55567a,1978,42329642,5,United States,"$25,000 to $39,999",1,2,32500,7,5,5,No,5,Click to finish and give feedback,1,7ff6682a,5c55567a,42329642,https://app.positly.com/#/f?task_id=7ff6682a
7030091,4,2022-02-02 02:42:26,0.37,rl4pf73,0,37,desktop,male,completedBachelorsDegree,7ff6682a,2022/02/01 06:42 PM,b4bce2d4a91b5140c31e2ada9d2f6256824f869c,535f42d0,1985,0f01d017,5,United States,"$115,000 to $149,999",0,6,132500,4,2,2,Yes,9,Click to finish and give feedback,1,7ff6682a,535f42d0,0f01d017,https://app.positly.com/#/f?task_id=7ff6682a
7030092,4,2022-02-02 02:42:28,0.78,rl4pf73,0,30,desktop,male,completedMastersDegree,7ff6682a,2022/02/01 06:42 PM,4afb11efffc56048cf61cf6c6c0a7abb837a6b6e,03ca0d14,1991,e214f9e2,6,United States,"$60,000 to $84,999",0,4,72500,3,4,5,Yes,5,Click to finish and give feedback,1,7ff6682a,03ca0d14,e214f9e2,https://app.positly.com/#/f?task_id=7ff6682a
7030093,4,2022-02-02 02:42:35,0.42,rl4pf73,0,37,tablet,female,completedAssociateDegreeOnly,7ff6682a,2022/02/01 06:41 PM,cd6b45e7b9e20af1730c5c2bbf805c5143d66c01,0f47c929,1985,42592448,4,United States,"$40,000 to $59,999",1,3,50000,7,7,7,No,2,Click to finish and give feedback,1,7ff6682a,0f47c929,42592448,https://app.positly.com/#/f?task_id=7ff6682a
7030094,4,2022-02-02 02:42:39,0.73,rl4pf73,0,41,desktop,male,completedBachelorsDegree,7ff6682a,2022/02/01 06:42 PM,ec4392453b06dcf473e0e7739fa7dea4e22b40de,fdde03a7,1980,727d1997,5,United States,"$60,000 to $84,999",0,4,72500,4,4,5,No,3,Click to finish and give feedback,1,7ff6682a,fdde03a7,727d1997,https://app.positly.com/#/f?task_id=7ff6682a
7030095,4,2022-02-02 02:42:52,0.78,rl4pf73,0,37,desktop,male,completedBachelorsDegree,7ff6682a,2022/02/01 06:39 PM,7f33f3b220b6c7f83ce986a5974bf6260923035b,6f3e57c5,1984,4c48b1e0,5,United States,"$40,000 to $59,999",0,3,50000,4,6,7,No,3,Click to finish and give feedback,1,7ff6682a,6f3e57c5,4c48b1e0,https://app.positly.com/#/f?task_id=7ff6682a
7030096,4,2022-02-02 02:42:53,0.85,rl4pf73,0,42,desktop,male,completedOnlyHighSchoolOrTheEquivalent,7ff6682a,2022/02/01 06:42 PM,79899710495a84c6d24da107c242da07fbfd16de,b4660397,1980,874eda75,2,United States,"$85,000 to $114,999",0,5,100000,7,6,6,No,7,Click to finish and give feedback,1,7ff6682a,b4660397,874eda75,https://app.positly.com/#/f?task_id=7ff6682a
7030097,4,2022-02-02 02:42:57,0.92,rl4pf73,0,37,smartphone,male,completedAssociateDegreeOnly,7ff6682a,2022/02/01 06:42 PM,f48fb5359277e5e58c483135732714f31fe25945,532d0247,1984,75817f72,4,United States,"$60,000 to $84,999",0,4,72500,8,7,8,No,7,Click to finish and give feedback,1,7ff6682a,532d0247,75817f72,https://app.positly.com/#/f?task_id=7ff6682a
7030099,4,2022-02-02 02:43:01,1.05,rl4pf73,0,39,desktop,female,completedBachelorsDegree,7ff6682a,2022/02/01 06:42 PM,5d5513edcfe57a8d7b4f42bbf65bf49c1a8cfa2e,f7d9aa72,1982,0eb91732,5,United States,"$85,000 to $114,999",1,5,100000,8,7,7,No,0,Click to finish and give feedback,1,7ff6682a,f7d9aa72,0eb91732,https://app.positly.com/#/f?task_id=7ff6682a
7030100,4,2022-02-02 02:43:05,0.57,rl4pf73,0,32,desktop,male,completedBachelorsDegree,7ff6682a,2022/02/01 06:42 PM,8534d0b70a14ffb13d3428e6c74d0a2ae9e82aad,01cb1386,1990,2dc74a18,5,United States,"$115,000 to $149,999",0,6,132500,10,10,9,No,0,Click to finish and give feedback,1,7ff6682a,01cb1386,2dc74a18,https://app.positly.com/#/f?task_id=7ff6682a
7030102,4,2022-02-02 02:43:53,0.53,rl4pf73,0,36,desktop,male,completedProfessionalDegree,7ff6682a,2022/02/01 06:43 PM,533b876c0d1f2ed94c61a4ed4fb0cd1b18b76884,9cca555c,1986,b91a648a,7,United States,"$115,000 to $149,999",0,6,132500,8,8,5,Yes,5,Click to finish and give feedback,1,7ff6682a,9cca555c,b91a648a,https://app.positly.com/#/f?task_id=7ff6682a
7030103,4,2022-02-02 02:44:01,1,rl4pf73,0,63,desktop,male,completedTradeTechicalVocationalTraing,7ff6682a,2022/02/01 06:42 PM,47bf986abfe6a4c70fefd8749b6138c1998e0754,df0def70,1959,ed927fa7,3,United States,"$10,000 to $24,999",0,1,17500,4,4,6,No,4,Click to finish and give feedback,1,7ff6682a,df0def70,ed927fa7,https://app.positly.com/#/f?task_id=7ff6682a
7030104,4,2022-02-02 02:44:12,1.23,rl4pf73,0,51,desktop,female,completedMastersDegree,7ff6682a,2022/02/01 06:43 PM,34c50ed748281d8c5acf9b0d4d84219bee43a85e,c4aabb29,1970,ddb7685b,6,United States,"$25,000 to $39,999",1,2,32500,5,5,5,No,9,Click to finish and give feedback,1,7ff6682a,c4aabb29,ddb7685b,https://app.positly.com/#/f?task_id=7ff6682a
7030108,4,2022-02-02 02:44:31,0.58,rl4pf73,0,53,desktop,male,completedAssociateDegreeOnly,7ff6682a,2022/02/01 06:44 PM,594f18484c36584ee5785ea21f58d4be0e57c460,1a0ecb5e,1969,ecee5cac,4,United States,"$60,000 to $84,999",0,4,72500,4,4,4,Yes,6,Click to finish and give feedback,1,7ff6682a,1a0ecb5e,ecee5cac,https://app.positly.com/#/f?task_id=7ff6682a
7030109,4,2022-02-02 02:44:32,1.37,rl4pf73,0,44,desktop,female,completedBachelorsDegree,7ff6682a,2022/02/01 06:43 PM,dc820383cacdc3355faa5c97f0cb8f5b74024b2d,19c42fce,1978,870bc610,5,United States,"$85,000 to $114,999",1,5,100000,2,2,3,No,1,Click to finish and give feedback,1,7ff6682a,19c42fce,870bc610,https://app.positly.com/#/f?task_id=7ff6682a
7030111,4,2022-02-02 02:44:48,0.48,rl4pf73,0,34,desktop,male,completedDoctorateDegree,7ff6682a,2022/02/01 06:44 PM,e1dc70ad4ac67dfd6395ad77fce45b394d0bbed1,381ff01a,1988,1ae2e136,8,United States,"$85,000 to $114,999",0,5,100000,7,6,5,No,1,Click to finish and give feedback,1,7ff6682a,381ff01a,1ae2e136,https://app.positly.com/#/f?task_id=7ff6682a
7030119,4,2022-02-02 02:45:06,0.78,rl4pf73,0,35,desktop,female,completedBachelorsDegree,7ff6682a,2022/02/01 06:44 PM,f9b7f6e76f59997a8dd52a3511902d7752a1284c,f29d8736,1986,e36188d0,5,United States,"$60,000 to $84,999",1,4,72500,7,7,6,No,3,Click to finish and give feedback,1,7ff6682a,f29d8736,e36188d0,https://app.positly.com/#/f?task_id=7ff6682a
7030122,4,2022-02-02 02:45:10,0.58,rl4pf73,0,24,desktop,female,completedAssociateDegreeOnly,7ff6682a,2022/02/01 06:44 PM,07430accf55ea5a74c62c4b06742acdaf227a3b1,cba1012f,1998,bf64f9d2,4,United States,"$25,000 to $39,999",1,2,32500,2,2,4,Yes,6,Click to finish and give feedback,1,7ff6682a,cba1012f,bf64f9d2,https://app.positly.com/#/f?task_id=7ff6682a
7030124,4,2022-02-02 02:45:15,1.07,rl4pf73,0,67,desktop,male,completedAssociateDegreeOnly,7ff6682a,2022/02/01 06:44 PM,e514628df998f9c93b4294d89e445fa7578137b9,a974a356,1955,7961fe83,4,United States,"Less than $9,999",0,0,4500,2,4,0,No,5,Click to finish and give feedback,1,7ff6682a,a974a356,7961fe83,https://app.positly.com/#/f?task_id=7ff6682a
7030125,4,2022-02-02 02:45:19,0.57,rl4pf73,0,31,desktop,female,completedBachelorsDegree,7ff6682a,2022/02/01 06:44 PM,6b8c18129837e49b6efd8d464424bb9e95c07dc6,5bc7d94d,1991,a801ba9c,5,United States,"$25,000 to $39,999",1,2,32500,1,1,0,No,0,Click to finish and give feedback,1,7ff6682a,5bc7d94d,a801ba9c,https://app.positly.com/#/f?task_id=7ff6682a
7030127,4,2022-02-02 02:45:26,2.58,rl4pf73,0,37,smartphone,male,completedOnlyHighSchoolOrTheEquivalent,7ff6682a,2022/02/01 06:42 PM,f7f0b8a4534908093ea069776ff20bb35dc54c2f,4cb67aca,1985,a47fab7c,2,United States,"$60,000 to $84,999",0,4,72500,8,8,8,No,9,Click to finish and give feedback,1,7ff6682a,4cb67aca,a47fab7c,https://app.positly.com/#/f?task_id=7ff6682a
7030129,4,2022-02-02 02:45:37,0.65,rl4pf73,0,32,desktop,female,completedBachelorsDegree,7ff6682a,2022/02/01 06:45 PM,7ecdeeab209c3dbef2f8e3d2ffe20da189598fe3,09cb9684,1989,fa4562b0,5,United States,"$40,000 to $59,999",1,3,50000,2,2,5,No,0,Click to finish and give feedback,1,7ff6682a,09cb9684,fa4562b0,https://app.positly.com/#/f?task_id=7ff6682a
7030131,4,2022-02-02 02:45:51,0.32,rl4pf73,0,32,smartphone,male,completedMastersDegree,7ff6682a,2022/02/01 06:45 PM,68bc17807aa1f2ffa09c965c30ac199f2fff8d7b,cba1a7a0,1989,59e327ac,6,United States,"$150,000 to $199,999",0,7,175000,8,8,8,No,7,Click to finish and give feedback,1,7ff6682a,cba1a7a0,59e327ac,https://app.positly.com/#/f?task_id=7ff6682a
7030134,4,2022-02-02 02:46:03,0.45,rl4pf73,0,39,desktop,male,completedOnlyHighSchoolOrTheEquivalent,7ff6682a,2022/02/01 06:45 PM,8384cb6ce94430bb3a3049cf99165798a16dc797,04bd80c2,1983,7981905a,2,United States,"$10,000 to $24,999",0,1,17500,6,5,8,No,2,Click to finish and give feedback,1,7ff6682a,04bd80c2,7981905a,https://app.positly.com/#/f?task_id=7ff6682a
7030136,4,2022-02-02 02:46:22,0.83,rl4pf73,0,39,desktop,male,completedOnlyHighSchoolOrTheEquivalent,7ff6682a,2022/02/01 06:45 PM,2599dcb9a88fd45739bea17045db033bdc93ef5a,4.537E+267,1982,6fe8e7c9,2,United States,"$40,000 to $59,999",0,3,50000,7,8,6,No,4,Click to finish and give feedback,1,7ff6682a,4.537E+267,6fe8e7c9,https://app.positly.com/#/f?task_id=7ff6682a
7030138,4,2022-02-02 02:46:22,0.5,rl4pf73,0,28,desktop,female,completedBachelorsDegree,7ff6682a,2022/02/01 06:46 PM,ac828a053d5b613e91905cdca4315ee7fa7c1de7,6a351560,1993,4795161f,5,United States,"$85,000 to $114,999",1,5,100000,3,7,4,No,2,Click to finish and give feedback,1,7ff6682a,6a351560,4795161f,https://app.positly.com/#/f?task_id=7ff6682a
7030140,4,2022-02-02 02:46:29,0.6,rl4pf73,0,64,desktop,female,completedMastersDegree,7ff6682a,2022/02/01 06:45 PM,bcedb16cc23c08a4ddb4ac2739961320c8657292,6e9a9c11,1958,73d66be9,6,United States,"$85,000 to $114,999",1,5,100000,8,7,4,No,0,Click to finish and give feedback,1,7ff6682a,6e9a9c11,73d66be9,https://app.positly.com/#/f?task_id=7ff6682a
7030142,4,2022-02-02 02:46:33,1.6,rl4pf73,0,48,desktop,male,completedBachelorsDegree,7ff6682a,2022/02/01 06:46 PM,db8e533226efdb137c7ae4583aff3e8ab069dfc1,a0559c43,1974,7c074500,5,United States,"$115,000 to $149,999",0,6,132500,1,4,3,No,0,Click to finish and give feedback,1,7ff6682a,a0559c43,7c074500,https://app.positly.com/#/f?task_id=7ff6682a
7030143,4,2022-02-02 02:46:34,0.57,rl4pf73,0,42,desktop,male,completedBachelorsDegree,7ff6682a,2022/02/01 06:45 PM,8cdbd29828dbfa92fde71d3f0db869e7024d4006,148b5e91,1979,0dbf8621,5,United States,"$25,000 to $39,999",0,2,32500,9,9,10,No,0,Click to finish and give feedback,1,7ff6682a,148b5e91,0dbf8621,https://app.positly.com/#/f?task_id=7ff6682a
7030145,4,2022-02-02 02:46:45,0.42,rl4pf73,0,34,desktop,male,completedOnlyHighSchoolOrTheEquivalent,7ff6682a,2022/02/01 06:45 PM,1fbef4477ed6235fdaa7ea8789a1fb8e1c89328c,e962fdeb,1988,5b5ad6a0,2,United States,"$60,000 to $84,999",0,4,72500,7,6,6,No,2,Click to finish and give feedback,1,7ff6682a,e962fdeb,5b5ad6a0,https://app.positly.com/#/f?task_id=7ff6682a
7030148,4,2022-02-02 02:47:00,0.43,rl4pf73,0,47,desktop,female,completedAssociateDegreeOnly,7ff6682a,2022/02/01 06:45 PM,79f15aa4afef9c481c0f9c2d8e6e12f9b198a94a,88aa9984,1975,53035810,4,United States,"$60,000 to $84,999",1,4,72500,6,6,8,No,10,Click to finish and give feedback,1,7ff6682a,88aa9984,53035810,https://app.positly.com/#/f?task_id=7ff6682a
7030152,4,2022-02-02 02:47:10,2.27,rl4pf73,0,62,desktop,female,completedAssociateDegreeOnly,7ff6682a,2022/02/01 06:46 PM,7a8ab9d176504fa7b513778203752e582af4156c,2484734,1959,6216bc03,4,United States,"$150,000 to $199,999",1,7,175000,7,7,7,No,10,Click to finish and give feedback,1,7ff6682a,2484734,6216bc03,https://app.positly.com/#/f?task_id=7ff6682a
7030154,4,2022-02-02 02:47:15,0.55,rl4pf73,0,57,tablet,female,completedBachelorsDegree,7ff6682a,2022/02/01 06:46 PM,35a11dfb621d17b6f622de761c7d628b51fb7102,cd21d378,1964,d819f102,5,United States,"$150,000 to $199,999",1,7,175000,7,7,7,No,3,Click to finish and give feedback,1,7ff6682a,cd21d378,d819f102,https://app.positly.com/#/f?task_id=7ff6682a
7030155,4,2022-02-02 02:47:16,0.53,rl4pf73,0,40,desktop,male,completedOnlyHighSchoolOrTheEquivalent,7ff6682a,2022/02/01 06:46 PM,7c3c0e0f4e9c6c53707ec73af34e00672833f28a,1d78815c,1982,88764ea4,2,United States,"$40,000 to $59,999",0,3,50000,8,9,8,No,0,Click to finish and give feedback,1,7ff6682a,1d78815c,88764ea4,https://app.positly.com/#/f?task_id=7ff6682a
7030156,4,2022-02-02 02:47:21,0.75,rl4pf73,0,38,desktop,female,completedProfessionalDegree,7ff6682a,2022/02/01 06:45 PM,cb98383a15ff5a00c2fe1ac60003cb7619650061,ef91d617,1984,13491cf5,7,United States,"$115,000 to $149,999",1,6,132500,7,7,6,No,2,Click to finish and give feedback,1,7ff6682a,ef91d617,13491cf5,https://app.positly.com/#/f?task_id=7ff6682a
7030157,4,2022-02-02 02:47:18,0.58,rl4pf73,0,29,desktop,male,completedBachelorsDegree,7ff6682a,2022/02/01 06:46 PM,a11fb52dcee09b541da80360530f57ee5f05af01,9a041afd,1993,5431987c,5,United States,"$200,000 or more",0,8,225000,3,3,4,Yes,10,Click to finish and give feedback,1,7ff6682a,9a041afd,5431987c,https://app.positly.com/#/f?task_id=7ff6682a
7030158,4,2022-02-02 02:47:25,0.38,rl4pf73,0,57,desktop,female,completedMastersDegree,7ff6682a,2022/02/01 06:47 PM,f7d9ab618b2ee8e8b32b9ce1a3821c10d463751d,220a3973,1964,1211f4d6,6,United States,"$200,000 or more",1,8,225000,8,8,8,No,3,Click to finish and give feedback,1,7ff6682a,220a3973,1211f4d6,https://app.positly.com/#/f?task_id=7ff6682a
7030161,4,2022-02-02 02:47:34,1.15,rl4pf73,0,44,desktop,female,completedTradeTechicalVocationalTraing,7ff6682a,2022/02/01 06:46 PM,9731c1cd0e3896567fb7b65552e655a219ff7061,18c299f7,1978,48ff14bc,3,United States,"$85,000 to $114,999",1,5,100000,7,7,6,No,0,Click to finish and give feedback,1,7ff6682a,18c299f7,48ff14bc,https://app.positly.com/#/f?task_id=7ff6682a
7030163,4,2022-02-02 02:47:44,1.33,rl4pf73,0,78,desktop,male,completedBachelorsDegree,7ff6682a,2022/02/01 06:46 PM,2c0c62d5cfbb210c820fcd18a5d18625b74ce91b,6081cdf8,1944,a624e4b5,5,United States,"$25,000 to $39,999",0,2,32500,5,4,5,No,9,Click to finish and give feedback,1,7ff6682a,6081cdf8,a624e4b5,https://app.positly.com/#/f?task_id=7ff6682a
7030164,4,2022-02-02 02:47:06,0.68,rl4pf73,0,37,desktop,male,completedMastersDegree,7ff6682a,2022/02/01 06:47 PM,2b364e555384e1f3097864dd94b83fd092f8df4a,a8d38a9b,1984,2bef8a4a,6,United States,"$40,000 to $59,999",0,3,50000,7,7,6,No,2,Click to finish and give feedback,1,7ff6682a,a8d38a9b,2bef8a4a,https://app.positly.com/#/f?task_id=7ff6682a
7030165,4,2022-02-02 02:47:58,0.72,rl4pf73,0,57,desktop,male,completedMastersDegree,7ff6682a,2022/02/01 06:47 PM,9c181e68e4e729affd45d6823ba0d024b0feeed3,c4cdbd88,1964,0e83f9ac,6,United States,"$10,000 to $24,999",0,1,17500,2,1,2,Yes,8,Click to finish and give feedback,1,7ff6682a,c4cdbd88,0e83f9ac,https://app.positly.com/#/f?task_id=7ff6682a
7030166,4,2022-02-02 02:48:07,0.75,rl4pf73,0,51,desktop,female,completedMastersDegree,7ff6682a,2022/02/01 06:47 PM,7cc4ff1dce1e1f3a833053bc81b32401c580327f,b37d4e95,1970,4b78eba0,6,United States,"$115,000 to $149,999",1,6,132500,7,8,7,No,1,Click to finish and give feedback,1,7ff6682a,b37d4e95,4b78eba0,https://app.positly.com/#/f?task_id=7ff6682a
7030167,4,2022-02-02 02:48:49,0.65,rl4pf73,0,47,desktop,male,completedBachelorsDegree,7ff6682a,2022/02/01 06:47 PM,1a2704c383a17be06b37022f500f154428e32bd9,e641db71,1974,da53a3db,5,United States,"$40,000 to $59,999",0,3,50000,3,3,4,No,0,Click to finish and give feedback,1,7ff6682a,e641db71,da53a3db,https://app.positly.com/#/f?task_id=7ff6682a
7030168,4,2022-02-02 02:48:18,1.17,rl4pf73,0,37,desktop,female,completedAssociateDegreeOnly,7ff6682a,2022/02/01 06:46 PM,0f8906d559a63cb3eb263924c27a18586b232c9f,e3e6fa5c,1984,ac068883,4,United States,"$25,000 to $39,999",1,2,32500,3,3,3,No,4,Click to finish and give feedback,1,7ff6682a,e3e6fa5c,ac068883,https://app.positly.com/#/f?task_id=7ff6682a
7030169,4,2022-02-02 02:48:14,1.12,rl4pf73,0,33,desktop,male,completedOnlyHighSchoolOrTheEquivalent,7ff6682a,2022/02/01 06:46 PM,7229b29f2d07cbaf2f3a182bbebf0fcd4a3833d0,06e17a33,1988,454f0d46,2,United States,"$25,000 to $39,999",0,2,32500,8,8,7,No,6,Click to finish and give feedback,1,7ff6682a,06e17a33,454f0d46,https://app.positly.com/#/f?task_id=7ff6682a
7030172,4,2022-02-02 02:48:28,0.38,rl4pf73,0,47,desktop,male,completedBachelorsDegree,7ff6682a,2022/02/01 06:48 PM,81a8c65c6ab96dcd0697760e40a09df2c59e8408,ef50ce84,1974,2a17f24b,5,United States,"$60,000 to $84,999",0,4,72500,6,7,6,No,6,Click to finish and give feedback,1,7ff6682a,ef50ce84,2a17f24b,https://app.positly.com/#/f?task_id=7ff6682a
7030173,4,2022-02-02 02:48:28,0.4,rl4pf73,0,35,desktop,male,completedBachelorsDegree,7ff6682a,2022/02/01 06:48 PM,02631e013c76dbeeb5ffe76ab5f9c85f0a43ecab,62aa3697,1986,0373f185,5,United States,"$25,000 to $39,999",0,2,32500,3,3,2,No,5,Click to finish and give feedback,1,7ff6682a,62aa3697,0373f185,https://app.positly.com/#/f?task_id=7ff6682a
7030177,4,2022-02-02 02:48:43,0.35,rl4pf73,0,40,desktop,male,completedMastersDegree,7ff6682a,2022/02/01 06:47 PM,bc5a52c29ed1c9749721ea1847dbd151c248e614,a21d02da,1981,2cff9726,6,United States,"$10,000 to $24,999",0,1,17500,4,4,3,No,4,Click to finish and give feedback,1,7ff6682a,a21d02da,2cff9726,https://app.positly.com/#/f?task_id=7ff6682a
7030178,4,2022-02-02 02:48:45,0.4,rl4pf73,0,37,desktop,male,completedTradeTechicalVocationalTraing,7ff6682a,2022/02/01 06:48 PM,438ea442cb970a9f85346bb627d7512f07121f4d,4cd7a4d7,1985,317fe1f3,3,United States,"$60,000 to $84,999",0,4,72500,3,2,2,Yes,1,Click to finish and give feedback,1,7ff6682a,4cd7a4d7,317fe1f3,https://app.positly.com/#/f?task_id=7ff6682a
7030181,4,2022-02-02 02:48:57,0.57,rl4pf73,0,34,desktop,female,completedBachelorsDegree,7ff6682a,2022/02/01 06:46 PM,26868007dc89432d9eac94a114201b7c21ae26f6,f03e0fb9,1988,e629003f,5,United States,"$40,000 to $59,999",1,3,50000,1,1,1,Yes,9,Click to finish and give feedback,1,7ff6682a,f03e0fb9,e629003f,https://app.positly.com/#/f?task_id=7ff6682a
7030183,4,2022-02-02 02:49:10,0.82,rl4pf73,0,69,desktop,female,completedBachelorsDegree,7ff6682a,2022/02/01 06:48 PM,e97be512c73784d6d5ec6f8f2e3078ead7e6140e,01e94ac5,1952,5e819495,5,United States,"$25,000 to $39,999",1,2,32500,8,7,7,No,1,Click to finish and give feedback,1,7ff6682a,01e94ac5,5e819495,https://app.positly.com/#/f?task_id=7ff6682a
7030184,4,2022-02-02 02:49:19,2.32,rl4pf73,0,61,desktop,female,completedBachelorsDegree,7ff6682a,2022/02/01 06:47 PM,febb69c4c03d748527da7ccb91f45f04a8950876,81301eb3,1961,13ac88f6,5,United States,"$40,000 to $59,999",1,3,50000,6,6,9,Yes,8,Click to finish and give feedback,1,7ff6682a,81301eb3,13ac88f6,https://app.positly.com/#/f?task_id=7ff6682a
7030185,4,2022-02-02 02:49:19,0.33,rl4pf73,0,22,desktop,female,completedBachelorsDegree,7ff6682a,2022/02/01 06:46 PM,d040b918dbd9da8947ab93823cddf8db8164a265,484ad35d,1999,21e3f938,5,United States,"$40,000 to $59,999",1,3,50000,6,6,5,Yes,3,Click to finish and give feedback,1,7ff6682a,484ad35d,21e3f938,https://app.positly.com/#/f?task_id=7ff6682a
7030186,4,2022-02-02 02:49:24,0.7,rl4pf73,0,22,desktop,male,completedBachelorsDegree,7ff6682a,2022/02/01 06:49 PM,ad549dac777b43474f02861deedfee3377138519,5d94efe6,2000,7b6bf5b1,5,United States,"$25,000 to $39,999",0,2,32500,10,10,7,No,5,Click to finish and give feedback,1,7ff6682a,5d94efe6,7b6bf5b1,https://app.positly.com/#/f?task_id=7ff6682a
7030187,4,2022-02-02 02:49:33,0.6,rl4pf73,0,31,desktop,male,completedBachelorsDegree,7ff6682a,2022/02/01 06:48 PM,18598c196fea83dc2937f46b8eeee16c0afee02a,365f14a3,1990,22e81c9b,5,United States,"$25,000 to $39,999",0,2,32500,2,2,1,Yes,2,Click to finish and give feedback,1,7ff6682a,365f14a3,22e81c9b,https://app.positly.com/#/f?task_id=7ff6682a
7030188,4,2022-02-02 02:49:50,0.58,rl4pf73,0,31,desktop,male,completedMastersDegree,7ff6682a,2022/02/01 06:49 PM,f8bf8a6712c625dabd2fff8c3a5c822c9788016d,a7f9ce62,1991,db61e535,6,United States,"$60,000 to $84,999",0,4,72500,4,4,5,Yes,6,Click to finish and give feedback,1,7ff6682a,a7f9ce62,db61e535,https://app.positly.com/#/f?task_id=7ff6682a
7030189,4,2022-02-02 02:49:57,0.32,rl4pf73,0,26,desktop,female,completedBachelorsDegree,7ff6682a,2022/02/01 06:49 PM,f15b737b37f291920a5c819e4167975489e69346,813510ee,1995,58a7f962,5,United States,"$25,000 to $39,999",1,2,32500,4,4,2,Yes,6,Click to finish and give feedback,1,7ff6682a,813510ee,58a7f962,https://app.positly.com/#/f?task_id=7ff6682a
7030190,4,2022-02-02 02:50:17,0.62,rl4pf73,0,38,desktop,male,completedOnlyHighSchoolOrTheEquivalent,7ff6682a,2022/02/01 06:49 PM,279cf97368a1c3138d7081a7da03c476cfd7c2e3,c7484aac,1984,bb5903ea,2,United States,"$85,000 to $114,999",0,5,100000,9,10,10,No,1,Click to finish and give feedback,1,7ff6682a,c7484aac,bb5903ea,https://app.positly.com/#/f?task_id=7ff6682a
7030191,4,2022-02-02 02:50:22,0.9,rl4pf73,0,44,desktop,female,completedBachelorsDegree,7ff6682a,2022/02/01 06:46 PM,42fc4af8f728a8bcf4bdd221d7286b93558a6b49,06be748c,1978,74edddad,5,United States,"$60,000 to $84,999",1,4,72500,7,8,6,No,1,Click to finish and give feedback,1,7ff6682a,06be748c,74edddad,https://app.positly.com/#/f?task_id=7ff6682a
7030192,4,2022-02-02 02:50:24,0.8,rl4pf73,0,51,desktop,female,completedOnlyHighSchoolOrTheEquivalent,7ff6682a,2022/02/01 06:50 PM,6fc1b468e33bf0f12a35d6a6a5e83f1c1ec63ac5,9a55bd2c,1971,fd5cf36f,2,United States,"$25,000 to $39,999",1,2,32500,3,3,4,No,10,Click to finish and give feedback,1,7ff6682a,9a55bd2c,fd5cf36f,https://app.positly.com/#/f?task_id=7ff6682a
7030198,4,2022-02-02 02:50:43,0.65,rl4pf73,0,28,smartphone,male,completedOnlyHighSchoolOrTheEquivalent,7ff6682a,2022/02/01 06:48 PM,8e179e4c2abe0456884ed4457bc1cb3c6545760e,365c59de,1993,f2c040df,2,United States,"$40,000 to $59,999",0,3,50000,8,8,9,No,2,Click to finish and give feedback,1,7ff6682a,365c59de,f2c040df,https://app.positly.com/#/f?task_id=7ff6682a
7030200,4,2022-02-02 02:50:51,0.6,rl4pf73,0,41,desktop,male,completedMastersDegree,7ff6682a,2022/02/01 06:49 PM,c99eb12dff8bf405f13cfdb2a192521c031e37e2,6c98f706,1980,edda88e9,6,United States,"$85,000 to $114,999",0,5,100000,6,7,3,No,4,Click to finish and give feedback,1,7ff6682a,6c98f706,edda88e9,https://app.positly.com/#/f?task_id=7ff6682a
7030210,4,2022-02-02 02:51:44,0.38,rl4pf73,0,41,desktop,male,completedProfessionalDegree,7ff6682a,2022/02/01 06:48 PM,84eb0beaefea6c88831388896950f3b594b4c957,d5aff869,1980,b2119c69,7,United States,"$40,000 to $59,999",0,3,50000,7,8,8,No,5,Click to finish and give feedback,1,7ff6682a,d5aff869,b2119c69,https://app.positly.com/#/f?task_id=7ff6682a
7030213,4,2022-02-02 02:52:14,1.72,rl4pf73,0,59,desktop,male,completedBachelorsDegree,7ff6682a,2022/02/01 06:48 PM,e19bb98069385c3d950cc0e5c2bbc14b1df5e31d,2fa6bbec,1963,40d3e9bf,5,United States,"$25,000 to $39,999",0,2,32500,7,8,7,No,9,Click to finish and give feedback,1,7ff6682a,2fa6bbec,40d3e9bf,https://app.positly.com/#/f?task_id=7ff6682a
7030221,4,2022-02-02 02:53:08,0.83,rl4pf73,0,52,desktop,female,completedBachelorsDegree,7ff6682a,2022/02/01 06:52 PM,08da4806deb8130ce7295eb26a2f3dd13ccdc7b1,2cd9d538,1969,7fe6efa0,5,United States,"$40,000 to $59,999",1,3,50000,8,8,8,No,2,Click to finish and give feedback,1,7ff6682a,2cd9d538,7fe6efa0,https://app.positly.com/#/f?task_id=7ff6682a
7030229,4,2022-02-02 02:54:25,0.65,rl4pf73,0,59,desktop,female,completedBachelorsDegree,7ff6682a,2022/02/01 06:53 PM,c06e5385aa2b08eba8febdde3f0c7c0914e7351d,5738a25f,1962,78b95c99,5,United States,"$85,000 to $114,999",1,5,100000,4,4,2,Yes,7,Click to finish and give feedback,1,7ff6682a,5738a25f,78b95c99,https://app.positly.com/#/f?task_id=7ff6682a
7030238,4,2022-02-02 02:56:36,0.5,rl4pf73,0,43,smartphone,male,completedMastersDegree,7ff6682a,2022/02/01 06:56 PM,60a3c1c0fda0c7b36d350c22f27510ad8463405a,39ecd2ea,1978,d25d9346,6,United States,"$150,000 to $199,999",0,7,175000,8,8,9,No,2,Click to finish and give feedback,1,7ff6682a,39ecd2ea,d25d9346,https://app.positly.com/#/f?task_id=7ff6682a
7030247,4,2022-02-02 02:58:03,0.38,rl4pf73,0,28,desktop,female,completedBachelorsDegree,7ff6682a,2022/02/01 06:57 PM,3eb705d028ad2e8d841d942ec213597b0c5a149c,fe57d5d0,1993,3792374e,5,United States,"$115,000 to $149,999",1,6,132500,3,2,0,No,0,Click to finish and give feedback,1,7ff6682a,fe57d5d0,3792374e,https://app.positly.com/#/f?task_id=7ff6682a
7030321,4,2022-02-02 03:10:22,0.5,rl4pf73,0,32,desktop,male,completedOnlyHighSchoolOrTheEquivalent,7ff6682a,2022/02/01 07:09 PM,80079cb126a754fdd06ff88cb94ff79f86453274,039ed3b2,1990,26d38237,2,United States,"$25,000 to $39,999",0,2,32500,7,5,4,Yes,6,Click to finish and give feedback,1,7ff6682a,039ed3b2,26d38237,https://app.positly.com/#/f?task_id=7ff6682a
7230677,4,2022-04-14 21:34:12,0,ql4c1ak,0,,,,,,,,,,,,,,,,,,,,,,,,,,,
